﻿IPA,Vector,Place of articulation,Manner of articulation,Voicing,Aspiration,,,,
p,"1,1,1,1",bilabial,plosive,voiceless,unaspirated,,,,
ph,"1,1,1,2",bilabial,plosive,voiceless,aspirated,,,,
b,"1,1,4,1",bilabial,plosive,voiced,unaspirated,,,,
bh,"1,1,4,2",bilabial,plosive,voiced,aspirated,,,,
m̥,"1,3,3,0",bilabial,nasal,devoicing (from voiced to voiceless),non-applicable,,,,
m,"1,3,4,0",bilabial,nasal,voiced,non-applicable,,,,
ʙ,"1,4,4,0",bilabial,trill,voiced,non-applicable,,,,
ɸ,"1,8,1,0",bilabial,fricative,voiceless,non-applicable,,,,
β,"1,8,4,0",bilabial,fricative,voiced,non-applicable,,,,
w,"1,9,4,0",bilabial,approximant sounds,voiced,non-applicable,,,,
ɥ,"1,9,4,0",bilabial,approximant sounds,voiced,non-applicable,,,,
pf,"2,2,1,1",labio-dental,affricate,voiceless,unaspirated,,,,
pfh,"2,2,1,2",labio-dental,affricate,voiceless,aspirated,,,,
bv,"2,2,4,1",labio-dental,affricate,voiced,unaspirated,,,,
bvh,"2,2,2,2",labio-dental,affricate,voicing (from voiceless to voiced),aspirated,,,,
ɱ,"2,3,4,0",labio-dental,nasal,voiced,non-applicable,,,,
f,"2,8,1,0",labio-dental,fricative,voiceless,non-applicable,,,,
v,"2,8,4,0",labio-dental,fricative,voiced,non-applicable,,,,
ʋ,"2,9,4,0",labio-dental,approximant sounds,voiced,non-applicable,,,,
tθ,"3,2,1,1",dental,affricate,voiceless,unaspirated,,,,
tθh,"3,2,1,2",dental,affricate,voiceless,aspirated,,,,
dð,"3,2,4,1",dental,affricate,voiced,unaspirated,,,,
dðh,"3,2,2,2",dental,affricate,voicing (from voiceless to voiced),aspirated,,,,
θ,"3,8,1,0",dental,fricative,voiceless,non-applicable,,,,
ð,"3,9,4,0",dental,approximant sounds,voiced,non-applicable,,,,
ts,"4,1,1,1",denti-alveolar,plosive,voiceless,unaspirated,,,,
tsh,"4,1,1,2",denti-alveolar,plosive,voiceless,aspirated,,,,
dz,"4,1,4,1",denti-alveolar,plosive,voiced,unaspirated,,,,
dzh,"4,1,4,2",denti-alveolar,plosive,voiced,aspirated,,,,
s,"4,8,1,0",denti-alveolar,fricative,voiceless,non-applicable,,,,
z,"4,9,1,0",denti-alveolar,approximant sounds,voiceless,non-applicable,,,,
t,"5,1,1,1",alveolar,plosive,voiceless,unaspirated,,,,
th,"5,1,1,2",alveolar,plosive,voiceless,aspirated,,,,
d,"5,1,4,1",alveolar,plosive,voiced,unaspirated,,,,
dh,"5,1,4,2",alveolar,plosive,voiced,aspirated,,,,
n̥,"5,3,3,0",alveolar,nasal,devoicing (from voiced to voiceless),non-applicable,,,,
n,"5,3,4,0",alveolar,nasal,voiced,non-applicable,,,,
r,"5,4,4,0",alveolar,trill,voiced,non-applicable,,,,
ɾ,"5,5,4,0",alveolar,tap/flap,voiced,non-applicable,,,,
̥l̥,"5,6,3,0",alveolar,lateral,devoicing (from voiced to voiceless),non-applicable,,,,
l,"5,6,4,0",alveolar,lateral,voiced,non-applicable,,,,
ɬ,"5,7,1,0",alveolar,lateral fricative,voiceless,non-applicable,,,,
ɮ,"5,7,4,0",alveolar,lateral fricative,voiced,non-applicable,,,,
ɹ,"5,9,4,0",alveolar,approximant sounds,voiced,non-applicable,,,,
ʈ,"6,1,1,1",palato-alveolar,plosive,voiceless,unaspirated,,,,
ʈh,"6,1,1,2",palato-alveolar,plosive,voiceless,aspirated,,,,
ɖ,"6,1,4,1",palato-alveolar,plosive,voiced,unaspirated,,,,
ɖh,"6,1,4,2",palato-alveolar,plosive,voiced,aspirated,,,,
tʂ,"6,2,1,1",palato-alveolar,affricate,voiceless,unaspirated,,,,
tʂh,"6,2,1,2",palato-alveolar,affricate,voiceless,aspirated,,,,
dʐ,"6,2,4,0",palato-alveolar,affricate,voiced,non-applicable,,,,
dʐh,"6,2,4,1",palato-alveolar,affricate,voiced,unaspirated,,,,
ɳ,"6,3,4,0",palato-alveolar,nasal,voiced,non-applicable,,,,
ɽ,"6,5,4,0",palato-alveolar,tap/flap,voiced,non-applicable,,,,
ɭ,"6,6,3,0",palato-alveolar,lateral,devoicing (from voiced to voiceless),non-applicable,,,,
ɭ̥,"6,6,4,0",palato-alveolar,lateral,voiced,non-applicable,,,,
ʂ,"6,8,1,0",palato-alveolar,fricative,voiceless,non-applicable,,,,
ʐ,"6,8,4,0",palato-alveolar,fricative,voiced,non-applicable,,,,
ɻ,"6,9,4,0",palato-alveolar,approximant sounds,voiced,non-applicable,,,,
tʃ,"7,1,1,1",retroflex,plosive,voiceless,unaspirated,,,,
tʃh,"7,1,1,2",retroflex,plosive,voiceless,aspirated,,,,
dʒ,"7,1,4,1",retroflex,plosive,voiced,unaspirated,,,,
dʒh,"7,1,4,2",retroflex,plosive,voiced,aspirated,,,,
ʃ,"7,8,1,0",retroflex,fricative,voiceless,non-applicable,,,,
ʒ,"7,8,4,0",retroflex,fricative,voiced,non-applicable,,,,
ȶ,"8,1,1,1",alveolo-palatal,plosive,voiceless,unaspirated,,,,
ȶh,"8,1,1,2",alveolo-palatal,plosive,voiceless,aspirated,,,,
ȡ,"8,1,4,1",alveolo-palatal,plosive,voiced,unaspirated,,,,
ȡh,"8,1,4,2",alveolo-palatal,plosive,voiced,aspirated,,,,
tɕ,"8,2,1,1",alveolo-palatal,affricate,voiceless,unaspirated,,,,
tɕh,"8,2,1,2",alveolo-palatal,affricate,voiceless,aspirated,,,,
dʑ,"8,2,4,1",alveolo-palatal,affricate,voiced,unaspirated,,,,
dʑh,"8,2,2,2",alveolo-palatal,affricate,voicing (from voiceless to voiced),aspirated,,,,
ȵ̥,"8,3,3,0",alveolo-palatal,nasal,devoicing (from voiced to voiceless),non-applicable,,,,
ȵ,"8,3,4,0",alveolo-palatal,nasal,voiced,non-applicable,,,,
ɕ,"8,8,1,0",alveolo-palatal,fricative,voiceless,non-applicable,,,,
ʑ,"8,8,4,0",alveolo-palatal,fricative,voiced,non-applicable,,,,
c,"9,1,1,1",palatal,plosive,voiceless,unaspirated,,,,
ch,"9,1,1,2",palatal,plosive,voiceless,aspirated,,,,
ɟ,"9,1,4,1",palatal,plosive,voiced,unaspirated,,,,
ɟh,"9,1,4,2",palatal,plosive,voiced,aspirated,,,,
ɲ,"9,3,4,0",palatal,nasal,voiced,non-applicable,,,,
ʎ,"9,6,4,0",palatal,lateral,voiced,non-applicable,,,,
ç,"9,8,1,0",palatal,fricative,voiceless,non-applicable,,,,
ʝ,"9,8,4,0",palatal,fricative,voiced,non-applicable,,,,
j,"9,9,4,0",palatal,approximant sounds,voiced,non-applicable,,,,
k,"10,1,1,1",velar,plosive,voiceless,unaspirated,,,,
kh,"10,1,1,2",velar,plosive,voiceless,aspirated,,,,
g,"10,1,4,1",velar,plosive,voiced,unaspirated,,,,
gh,"10,1,4,2",velar,plosive,voiced,aspirated,,,,
ŋ,"10,3,4,0",velar,nasal,voiced,non-applicable,,,,
x,"10,8,1,0",velar,fricative,voiceless,non-applicable,,,,
ɣ,"10,8,4,0",velar,fricative,voiced,non-applicable,,,,
ɰ,"10,9,4,0",velar,approximant sounds,voiced,non-applicable,,,,
q,"11,1,1,1",uvular,plosive,voiceless,unaspirated,,,,
qh,"11,1,1,2",uvular,plosive,voiceless,aspirated,,,,
ɢ,"11,1,4,1",uvular,plosive,voiced,unaspirated,,,,
ɢh,"11,1,4,2",uvular,plosive,voiced,aspirated,,,,
ɴ,"11,3,4,0",uvular,nasal,voiced,non-applicable,,,,
ʀ,"11,4,4,0",uvular,trill,voiced,non-applicable,,,,
χ,"11,8,1,0",uvular,fricative,voiceless,non-applicable,,,,
ʁ,"11,8,4,0",uvular,fricative,voiced,non-applicable,,,,
ħ,"12,8,1,0",pharyngeal,fricative,voiceless,non-applicable,,,,
ʕ,"12,8,4,0",pharyngeal,fricative,voiced,non-applicable,,,,
ʔ,"12,1,1,1",glottal,plosive,voiceless,unaspirated,,,,
ʔh,"12,1,1,2",glottal,plosive,voiceless,aspirated,,,,
h,"12,8,1,0",glottal,fricative,voiceless,non-applicable,,,,
ɦ,"12,8,4,0",glottal,fricative,voiced,non-applicable,,,,
0-c,"0,0,0,0",none,none,none,non-applicable,,,,
