﻿Language,Real_Language
khg,Khams Tibetan
pmj,Southern Pumi
ywq,Wuding-Luquan Yi
iii,Northern Nisu
hni,Hani
how,Honi
lis,Lisu
lhu,Lahu
lhi,Lahu Shi
nxq,Naxi
nru,Narua
jiu,Youle Jinuo
kaf,Katso
bfs,Southern Bai
bca,Central Bai
nuf,Nusu
zal,Zauzou
nun,Nung (Myanmar)
kac,Southern Jinghpaw
duu,Drung
atb,Zaiwa
acn,Longchuan Achang
cqd,Chuanqiandian Cluster Miao
hmd,Diandongbei-Large Flowery Miao
mji,Kim Mun
bwx,Bu-Nao Bunu
zhn,Nong Zhuang
zqe,Qiubei Zhuang
pcc,Bouyei
tdd,Tai Nüa
khb,Lü
prk,Parauk
vwa,Lavia-Awalai-Damangnuo Awa
blr,Blang
stu,Samtao
pce,Ruching Palaung
